Asset name,Asset URL,Deprecated,Purchased Date,Last updated,Version
"Baghdad - Medieval Islamic City Modular Environment Pack","https://assetstore.unity.com/packages/slug/364206","","2026-07-02","2026-04-09","1.0"
"Skinned Mesh Transfer","https://assetstore.unity.com/packages/slug/219764","","2026-06-06","2022-04-16","1.0"
"Starter Assets - ThirdPerson | URP","https://assetstore.unity.com/packages/slug/196526","","2026-06-06","2026-03-16","1.1.7"
"Stylized Fantasy Warrior Outfit","https://assetstore.unity.com/packages/slug/339584","","2026-06-06","2025-10-14","1.0"
"Stylized Medieval Ranger Outfit","https://assetstore.unity.com/packages/slug/338016","","2026-06-06","2025-10-06","1.0"
"Stylized Fantasy Medieval Bundle","https://assetstore.unity.com/packages/slug/339658","","2026-06-06","2025-12-22","1.01"
"FREE Starter Pack - Sidekick Modular Characters by Synty","https://assetstore.unity.com/packages/slug/336970","","2025-12-27","2026-01-29","1.0.4"
"JU TPS 3 - Third Person Shooter GameKit + Vehicle Physics","https://assetstore.unity.com/packages/slug/251334","","2025-12-09","2026-06-07","3.3.9"
"Modular Destroyed Buildings (Modular House, Houses, Modular Building)","https://assetstore.unity.com/packages/slug/288447","","2025-12-06","2024-09-25","1.0"
"Medieval Furniture Props (Gothic Props, Victorian Props, Medieval, Furniture)","https://assetstore.unity.com/packages/slug/333978","","2025-12-06","2025-09-19","1.0"
"Stylized Nature (Nature, Forest, Stylized Forest, Forest Pack, Nature Pack)","https://assetstore.unity.com/packages/slug/268121","","2025-12-06","2024-02-05","1.2"
"Modular Medieval Town (Medieval Town, Medieval Village)","https://assetstore.unity.com/packages/slug/295251","","2025-12-06","2024-10-25","1.0"
"Modular Medieval Fantasy Village (Medieval Village, Medieval Town, Town)","https://assetstore.unity.com/packages/slug/288445","","2025-12-06","2024-10-17","1.0"
"Modular Dungeon: Temple Of Cthulhu (Dungeon, Modular Dungeon, Temple, Dungeons)","https://assetstore.unity.com/packages/slug/306635","","2025-12-06","2025-06-18","1.0"
"Modular Houses (Modular Medieval Houses, House, Fantasy Houses, Prefab Houses)","https://assetstore.unity.com/packages/slug/333982","","2025-12-06","2025-09-25","1.0"
"Abandoned Factory (Factory, Warehouse, Industrial Factory, Industrial Warehouse)","https://assetstore.unity.com/packages/slug/268120","","2025-12-06","2023-12-20","1.0"
"Sundown:Shop/Store (Modular Shop, Supermarket, Convenience Store)","https://assetstore.unity.com/packages/slug/338930","","2025-12-06","2025-10-13","1.0"
"Modular Dungeon - Dungeon Building Kit (Dungeon, Dungeons, Catacomb, Tunnels)","https://assetstore.unity.com/packages/slug/264856","","2025-12-06","2023-12-05","1.0"
"Modular Castle & Dungeon (Medieval Castle, Castles, Dungeons, Dungeon, Castle)","https://assetstore.unity.com/packages/slug/271318","","2025-12-06","2025-08-04","2.1"
"Modular Dark Fantasy Graveyard (Cemetery, Horror Cemetery, Horror Graveyard)","https://assetstore.unity.com/packages/slug/300192","","2025-12-06","2024-11-18","1.0"
"Modular Medieval Town - Medieval Town","https://assetstore.unity.com/packages/slug/264852","","2025-12-06","2024-10-17","2.1"
"Modular Sci Fi Outpost (Sci Fi Outpost, Sci Fi Base, Sci Fi , Outpost, Base)","https://assetstore.unity.com/packages/slug/335830","","2025-12-06","2025-09-30","1.0"
"Post Apocalyptic Town (Town, Modular Town, Post Apocalypse, Sci-Fi, Wasteland)","https://assetstore.unity.com/packages/slug/288838","","2025-12-06","2025-03-04","2.1"
"Modular Medieval Town (Medieval Town, Medieval Village, Modular Town, Camp)","https://assetstore.unity.com/packages/slug/327089","","2025-12-06","2025-07-26","1.0"
"Modular Wooden Buildings (Modular House, Houses, Modular Building)","https://assetstore.unity.com/packages/slug/328816","","2025-12-06","2025-08-11","1.0"
"Modular Medieval Town, Docks (Medieval Town, Medieval Village, Town, Village)","https://assetstore.unity.com/packages/slug/271319","","2025-12-06","2025-10-21","2.0"
"Modular Haunted House (Modular House, Modular Building, Barn, Haunted House)","https://assetstore.unity.com/packages/slug/312973","","2025-12-06","2025-04-13","1.2"
"Glimvale: Stylized Fantasy Open World (Modular Medieval Town, Medieval Village)","https://assetstore.unity.com/packages/slug/314617","","2025-12-06","2026-02-08","2.0"
"Modular Medieval Bandit Village (Medieval Village, Bandit village, Town)","https://assetstore.unity.com/packages/slug/288444","","2025-12-06","2024-08-19","1.0"
"Whispering Grove Environment","https://assetstore.unity.com/packages/slug/311985","","2025-12-06","2025-08-27","1.0"
"Unique AoE Magic Abilities Vol. 1","https://assetstore.unity.com/packages/slug/132947","","2025-12-06","2025-06-16","1.6.1"
"Fantasy Slavic Hut Environment (Stylized, House, Medieval )","https://assetstore.unity.com/packages/slug/340114","","2025-12-06","2025-10-20","1.0"
"Medieval Nordic Village Environment","https://assetstore.unity.com/packages/slug/279881","","2025-12-06","2024-11-22","1.0"
"Unique Projectiles Vol. 3","https://assetstore.unity.com/packages/slug/212619","","2025-12-06","2025-04-23","1.2.1"
"Ancient Desert Ruins Environment","https://assetstore.unity.com/packages/slug/268208","","2025-12-06","2024-04-19","1.0"
"VFX Graph - Hits & Impacts - Vol. 2","https://assetstore.unity.com/packages/slug/302284","","2025-12-06","2025-05-10","1.1"
"Unique Stylized Explosions - Vol. 1","https://assetstore.unity.com/packages/slug/265536","","2025-12-06","2025-04-23","1.1"
"Unique Shields & Barriers Vol.1","https://assetstore.unity.com/packages/slug/319009","","2025-12-06","2025-04-30","1.0"
"VFX Graph - Stylized Laser Beams - Vol. 1","https://assetstore.unity.com/packages/slug/222881","","2025-12-06","2026-03-09","1.3"
"Unique Projectiles Vol. 2","https://assetstore.unity.com/packages/slug/156067","","2025-12-06","2025-04-22","1.4.1"
"Persepolis Empire Environment","https://assetstore.unity.com/packages/slug/269739","","2025-12-06","2024-05-14","1.0"
"SciFi Engineer's Room Environment","https://assetstore.unity.com/packages/slug/279873","","2025-12-06","2026-02-04","1.0"
"Victorian Mansion Environment","https://assetstore.unity.com/packages/slug/269740","","2025-12-06","2025-11-07","1.1"
"Retro Pop Art Living Space Environment","https://assetstore.unity.com/packages/slug/341164","","2025-12-06","2025-11-01","1.0"
"Unique Thrusters Vol.1","https://assetstore.unity.com/packages/slug/319011","","2025-12-06","2025-05-01","1.0"
"Western Desert Town Environment","https://assetstore.unity.com/packages/slug/279880","","2025-12-06","2025-03-15","1.1"
"Orbital Base Environment (Sci-Fi Space)","https://assetstore.unity.com/packages/slug/330726","","2025-12-06","2025-08-28","1.0"
"Bio Horror / Sci-fi Environment","https://assetstore.unity.com/packages/slug/248164","","2025-12-06","2023-11-27","1.0"
"Asian Dynasty Environment","https://assetstore.unity.com/packages/slug/267161","","2025-12-06","2023-11-28","2.0"
"Hyper Casual FX Pack Vol.1","https://assetstore.unity.com/packages/slug/231405","","2025-08-10","2025-05-01","1.4"
"Master Stylized FX","https://assetstore.unity.com/packages/slug/272584","","2025-08-10","2024-12-06","1.3"
"Auto-Battle Framework","https://assetstore.unity.com/packages/slug/232883","","2025-08-10","2026-02-09","1.4.2"
"Low Poly Animated Fantasy Creatures","https://assetstore.unity.com/packages/slug/292803","","2025-08-10","2025-11-19","2.05"
"Build for iOS/macOS on Windows","https://assetstore.unity.com/packages/slug/15522","","2025-07-22","2025-05-13","3.81"
"Human Basic Motions","https://assetstore.unity.com/packages/slug/157744","","2025-07-16","2026-04-30","2.5.1"
"Modular Game UI Kit","https://assetstore.unity.com/packages/slug/257894","","2025-07-16","2025-01-24","1.0.6"
"Easy ML Kit - Mobile (for iOS & Android) - Barcode Scanner, OCR, Digital Ink","https://assetstore.unity.com/packages/slug/220512","","2025-07-09","2026-05-21","2.4.2"
"TopDown Engine","https://assetstore.unity.com/packages/slug/89636","","2025-07-06","2026-01-14","4.5"
"PUN 2 - FREE","https://assetstore.unity.com/packages/slug/119922","","2022-02-07","2026-07-03","2.55"
"Top-Down Caves","https://assetstore.unity.com/packages/slug/39124","","2022-01-08","2015-06-12","1.0"
"Top-Down Assets","https://assetstore.unity.com/packages/slug/5806","","2022-01-08","2020-10-08","1.2"
"Top-Down Sci-Fi","https://assetstore.unity.com/packages/slug/18938","","2022-01-08","2018-02-02","1.2"
"Top-Down Dungeons","https://assetstore.unity.com/packages/slug/7853","","2022-01-08","2018-02-03","1.3"
"Top-Down City","https://assetstore.unity.com/packages/slug/13757","","2022-01-08","2018-02-03","1.3"
"Top-Down Interiors","https://assetstore.unity.com/packages/slug/18139","","2022-01-08","2018-02-02","1.2"
"Cartoon Town and Farm","https://assetstore.unity.com/packages/slug/17254","","2022-01-08","2018-02-01","1.2"
"Top-Down Desert","https://assetstore.unity.com/packages/slug/44757","","2022-01-08","2019-01-17","1.2"
"Top-Down Graveyard","https://assetstore.unity.com/packages/slug/25356","","2022-01-08","2018-02-02","1.2"
"Tower Defense and MOBA","https://assetstore.unity.com/packages/slug/28234","","2022-01-08","2019-03-21","1.3"
"Motion Matching for Unity","https://assetstore.unity.com/packages/slug/145624","","2021-10-29","2025-03-16","2.3.2"
"Asset Hunter PRO","https://assetstore.unity.com/packages/slug/135296","","2021-10-29","2025-12-06","2.2.26"
"SALSA LipSync Suite","https://assetstore.unity.com/packages/slug/148442","","2021-10-29","2025-01-26","2.5.6"
"MudBun: Volumetric VFX & Modeling","https://assetstore.unity.com/packages/slug/177891","","2021-10-29","2025-02-16","1.6.52"
"Performance Tools","https://assetstore.unity.com/packages/slug/80534","","2021-10-29","2025-10-26","4.0.1"
"Realistic Eye Movements","https://assetstore.unity.com/packages/slug/29168","","2021-10-29","2026-03-16","2.1.14"
"Space Graphics Toolkit","https://assetstore.unity.com/packages/slug/4160","","2021-10-29","2025-07-23","4.2.14"
"Digger PRO – Voxel Terrain Sculpting","https://assetstore.unity.com/packages/slug/149753","","2021-10-29","2026-03-29","8.1"
"Mesh Slicer","https://assetstore.unity.com/packages/slug/59618","","2021-10-29","2025-02-02","3.0.5"
"Terrain Grid System","https://assetstore.unity.com/packages/slug/47215","","2021-10-29","2022-07-25","13.9.1.1"
"Forever - Endless Runner Engine","https://assetstore.unity.com/packages/slug/140926","","2021-10-29","2024-11-10","1.17"
"Easy Decal","https://assetstore.unity.com/packages/slug/22867","","2021-10-29","2023-10-15","2021.4.1"
"MonKey - Productivity Commands","https://assetstore.unity.com/packages/slug/119938","","2021-10-29","2026-07-03","1.3.2"
"EnhancedScroller","https://assetstore.unity.com/packages/slug/36378","","2021-10-29","2025-07-10","2.40.2"
"Better UI","https://assetstore.unity.com/packages/slug/79031","","2021-10-29","2026-01-03","3.2"
"Vault Inventory","https://assetstore.unity.com/packages/slug/93933","","2021-10-29","2026-05-25","6.4"
"CUBE - Sci Fi Interiors Pack","https://assetstore.unity.com/packages/slug/134181","","2021-08-02","2020-06-07","1.1"
"Multistory Dungeons","https://assetstore.unity.com/packages/slug/33955","","2021-08-02","2024-01-05","1.8.1"
"Dungeon Architect","https://assetstore.unity.com/packages/slug/53895","","2021-07-12","2024-11-28","1.22.0"
"Pixul Photo Mode","https://assetstore.unity.com/packages/slug/56305","","2021-06-10","2016-12-20","1.1"
"Realistic Grenades Pack","https://assetstore.unity.com/packages/slug/53211","","2021-06-02","2017-03-07","1.0.2"
"500 Resource Icons","https://assetstore.unity.com/packages/slug/142951","","2021-05-24","2020-01-20","1.2"
"Meadow Environment - Dynamic Nature","https://assetstore.unity.com/packages/slug/132195","","2021-05-20","2026-03-20","3.0.5"
"Ultimate Sci-Fi Panel Materials","https://assetstore.unity.com/packages/slug/128234","","2021-04-29","2023-10-09","1.0"
"PBR Sci-Fi Floors textures","https://assetstore.unity.com/packages/slug/185613","","2021-04-29","2021-01-19","1.0"
"Beautify 2 - Advanced Post Processing","https://assetstore.unity.com/packages/slug/163949","","2021-04-16","2022-07-07","14.0.1"
"Sci-Fi Turret Constructor","https://assetstore.unity.com/packages/slug/112002","","2021-04-10","2025-11-04","2.1"
"AllSky - 220+ Sky / Skybox Set","https://assetstore.unity.com/packages/slug/10109","","2021-03-25","2024-07-20","5.2.0"
"Sky Series Collection","https://assetstore.unity.com/packages/slug/101490","","2021-03-25","2019-01-14","4.6"
"Sci-Fi base","https://assetstore.unity.com/packages/slug/173333","","2021-03-11","2020-07-06","1.1"
"Brutalist (Built-In)","https://assetstore.unity.com/packages/slug/176160","","2021-03-11","2020-08-11","1.0"
"Rock and Boulders 3","https://assetstore.unity.com/packages/slug/45643","","2021-03-11","2018-02-02","1.2"
"Terrain PBR textures VOL3","https://assetstore.unity.com/packages/slug/153206","","2021-03-11","2019-09-05","1.0"
"PBR Rocks - Nature Pack","https://assetstore.unity.com/packages/slug/100777","","2021-03-11","2025-09-04","3.0"
"Terrain PBR textures VOL 1","https://assetstore.unity.com/packages/slug/150487","","2021-03-11","2019-07-18","1.0"
"Terrain PBR textures VOL 2","https://assetstore.unity.com/packages/slug/150990","","2021-03-11","2019-07-29","1.0"
"Jungle - Tropical Vegetation","https://assetstore.unity.com/packages/slug/178966","","2021-03-11","2026-01-23","3.4.0"
"Giant Golem AnimSet","https://assetstore.unity.com/packages/slug/176573","","2020-11-20","2024-11-15","1.44"
"FurryS3: The Pirates","https://assetstore.unity.com/packages/slug/128565","","2020-11-19","2022-11-03","3.0"
"RPG & MMO UI X","https://assetstore.unity.com/packages/slug/152053","","2020-11-17","2025-04-06","1.5"
"Flat Icons Megapack","https://assetstore.unity.com/packages/slug/155819","","2020-11-07","2019-10-17","1.0"
"Support package for Hovl Studio assets","https://assetstore.unity.com/packages/slug/157764","","2020-11-04","2025-02-07","3.17"
"3D Fire and Explosions","https://assetstore.unity.com/packages/slug/176981","","2020-11-04","2026-03-11","2.1"
"Stylized Melee Pack 1","https://assetstore.unity.com/packages/slug/80637","","2020-11-04","2021-01-25","1.63"
"Magic Circles and Shields Vol.4","https://assetstore.unity.com/packages/slug/168813","","2020-11-04","2026-02-18","2.0"
"Ultimate Sound FX Bundle","https://assetstore.unity.com/packages/slug/151756","","2020-11-04","2023-01-13","2.1"
"Fantastic Cartoon VFX","https://assetstore.unity.com/packages/slug/100604","","2020-11-04","2024-04-09","5.0.2"
"Magic Arsenal","https://assetstore.unity.com/packages/slug/20869","","2020-11-04","2024-12-06","2.75"
"AAA Projectiles Vol.2","https://assetstore.unity.com/packages/slug/144288","","2020-11-04","2026-06-20","2.2"
"Lux URP Essentials","https://assetstore.unity.com/packages/slug/150355","","2020-10-29","2026-03-21","2.06"
"Frank RPG Fighter","https://assetstore.unity.com/packages/slug/137306","","2020-10-20","2025-12-21","1.1"
"Warrior with an axe - 2","https://assetstore.unity.com/packages/slug/177879","","2020-10-20","2020-09-01","1.0"
"PBR Fighters (Pack)","https://assetstore.unity.com/packages/slug/145995","","2020-10-20","2019-05-16","1.1"
"Vikings pack","https://assetstore.unity.com/packages/slug/158829","","2020-10-20","2020-01-07","1.0"
"PP801 Character P3","https://assetstore.unity.com/packages/slug/152862","","2020-10-20","2020-09-21","2.0"
"BerserkerS2: Mage and Archer","https://assetstore.unity.com/packages/slug/146501","","2020-10-20","2020-09-30","2.0"
"Frank Dual Sword","https://assetstore.unity.com/packages/slug/137161","","2020-10-20","2025-12-07","1.2"
"Frank RPG Mage","https://assetstore.unity.com/packages/slug/138889","","2020-10-20","2025-12-21","1.1"
"Frank Assassin","https://assetstore.unity.com/packages/slug/140587","","2020-10-20","2019-03-20","1.1"
"Frank RPG Archer","https://assetstore.unity.com/packages/slug/138858","","2020-10-20","2025-12-21","1.1"
"Frank Warrior (+UE FBX)","https://assetstore.unity.com/packages/slug/137235","","2020-10-20","2023-12-18","1.4.2"
"Futuristic Soldier Pack","https://assetstore.unity.com/packages/slug/92705","","2020-10-20","2017-07-27","1.0"
"Orc Tarkoman","https://assetstore.unity.com/packages/slug/157680","","2020-10-20","2020-02-14","1.0"
"Robot Soldier Low-poly 3D model","https://assetstore.unity.com/packages/slug/155607","","2020-10-20","2019-11-08","1.0"
"Wizard Melius","https://assetstore.unity.com/packages/slug/177488","","2020-10-20","2020-08-25","1.0"
"Epic Toon FX","https://assetstore.unity.com/packages/slug/57772","","2020-10-15","2024-07-22","1.82"
"Spells Pack","https://assetstore.unity.com/packages/slug/141539","","2020-10-15","2026-05-24","1.3.14"
"Realistic Effects Pack 3","https://assetstore.unity.com/packages/slug/27523","","2020-10-15","2018-03-05","1.2.1"
"RPG VFX Bundle","https://assetstore.unity.com/packages/slug/133704","","2020-10-15","2026-06-20","6.0.3"